Year,Percentage,Narcotic,NonNarcotic
2010,21.51683597575718,210031,766093
2011,24.971051239803234,376307,1130666
2012,27.670576532271475,376078,983048
2013,26.925896660991683,462763,1255891
2014,23.813008053323767,504450,1613930
2015,21.918190300962053,541433,1928812
2016,21.425471914716447,585096,2145747
2017,19.74518947697224,71430,290329
