State,Year,Narcotic,NonNarcotic,Percentage,From.Yearly.Mean,Yearly.Mean
AZ,2010,210031,766093,21.51683597575718,2.8577548552185696,18.65908112053861
AZ,2011,376307,1130666,24.971051239803234,4.505065680588604,20.46598555921463
AZ,2012,376078,983048,27.670576532271475,6.715443167391605,20.95513336487987
AZ,2013,462763,1255891,26.925896660991683,6.762122264409058,20.163774396582625
AZ,2014,504450,1613930,23.813008053323767,5.865825943926474,17.947182109397293
AZ,2015,541433,1928812,21.918190300962053,4.984182989123447,16.934007311838606
AZ,2016,585096,2145747,21.425471914716447,5.374839300074637,16.05063261464181
AZ,2017,71430,290329,19.74518947697224,4.8447039541836805,14.900485522788559
