State,Year,Narcotic,NonNarcotic,Percentage,From.Yearly.Mean
AZ,2010,210031,766093,21.51683597575718,2.8577548552185696
AZ,2011,376307,1130666,24.971051239803234,4.505065680588604
AZ,2012,376078,983048,27.670576532271475,6.715443167391605
AZ,2013,462763,1255891,26.925896660991683,6.762122264409058
AZ,2014,504450,1613930,23.813008053323767,5.865825943926474
AZ,2015,541433,1928812,21.918190300962053,4.984182989123447
AZ,2016,585096,2145747,21.425471914716447,5.374839300074637
AZ,2017,71430,290329,19.74518947697224,4.8447039541836805
